Feature,Importance
pm10,0.8481619365458155
pm2_5,0.11902330597680029
o3,0.03267754096912368
no2,6.678885366254023e-05
humidity,1.041530363340467e-05
wind_speed,9.740916149878481e-06
nh3,9.452500852678215e-06
temperature,9.192044130418832e-06
so2,8.13897816903972e-06
day,5.27602288403241e-06
precipitation,4.5614067074836735e-06
weekday,4.501413184539181e-06
co,3.815522323630015e-06
hour,2.431154820143704e-06
month,1.5546015151083431e-06
no,1.347790227648826e-06
year,0.0
